,0
1/1/22,25
1/2/22,29
1/3/22,25
1/4/22,41
1/5/22,37
1/6/22,25
1/7/22,32
1/8/22,28
1/9/22,24
1/10/22,27
1/11/22,0
1/12/22,35
1/13/22,27
1/14/22,40
1/15/22,33
1/16/22,0
1/17/22,30
1/18/22,47
1/19/22,53
1/20/22,62
1/21/22,45
1/22/22,39
1/23/22,27
1/24/22,32
1/25/22,44
1/26/22,29
1/27/22,34
1/28/22,31
1/29/22,44
1/30/22,31
1/31/22,0
2/1/22,31
2/2/22,0
2/3/22,39
2/4/22,27
2/5/22,-1
2/6/22,21
2/7/22,43
2/8/22,41
2/9/22,50
2/10/22,43
2/11/22,37
2/12/22,43
2/13/22,26
2/14/22,45
2/15/22,42
2/16/22,33
2/17/22,38
2/18/22,30
2/19/22,32
2/20/22,32
2/21/22,41
2/22/22,38
2/23/22,0
2/24/22,49
2/25/22,47
2/26/22,45
2/27/22,35
2/28/22,36
3/1/22,48
3/2/22,45
3/3/22,39
3/4/22,44
3/5/22,40
3/6/22,28
3/7/22,48
3/8/22,39
3/9/22,44
3/10/22,47
3/11/22,45
3/12/22,44
3/13/22,30
3/14/22,41
3/15/22,42
3/16/22,48
3/17/22,52
3/18/22,48
3/19/22,43
3/20/22,43
3/21/22,53
3/22/22,54
3/23/22,0
3/24/22,51
3/25/22,56
3/26/22,51
3/27/22,43
3/28/22,45
3/29/22,0
3/30/22,40
3/31/22,50
4/1/22,0
4/2/22,30
4/3/22,25
4/4/22,41
4/5/22,34
4/6/22,49
4/7/22,36
4/8/22,49
4/9/22,53
4/10/22,42
4/11/22,38
4/12/22,49
4/13/22,42
4/14/22,-1
4/15/22,51
4/16/22,49
4/17/22,41
4/18/22,43
4/19/22,45
4/20/22,51
4/21/22,49
4/22/22,60
4/23/22,42
4/24/22,32
4/25/22,43
4/26/22,49
4/27/22,38
4/28/22,55
4/29/22,60
4/30/22,52
5/1/22,42
5/2/22,39
5/3/22,59
5/4/22,49
5/5/22,42
5/6/22,54
5/7/22,53
5/8/22,36
5/9/22,57
5/10/22,43
5/11/22,53
5/12/22,52
5/13/22,59
5/14/22,65
5/15/22,44
5/16/22,51
5/17/22,53
5/18/22,50
5/19/22,49
5/20/22,64
5/21/22,56
5/22/22,40
5/23/22,38
5/24/22,59
5/25/22,51
5/26/22,56
5/27/22,65
5/28/22,64
5/29/22,38
5/30/22,62
5/31/22,57
6/1/22,-1
6/2/22,54
6/3/22,56
6/4/22,61
6/5/22,40
6/6/22,47
6/7/22,51
6/8/22,49
6/9/22,57
6/10/22,71
6/11/22,57
6/12/22,43
6/13/22,65
6/14/22,48
6/15/22,53
6/16/22,47
6/17/22,71
6/18/22,53
6/19/22,45
6/20/22,60
6/21/22,49
6/22/22,46
6/23/22,57
6/24/22,62
6/25/22,64
6/26/22,47
6/27/22,47
6/28/22,50
6/29/22,55
6/30/22,60
7/1/22,73
7/2/22,67
7/3/22,55
7/4/22,56
7/5/22,62
7/6/22,57
7/7/22,61
7/8/22,76
7/9/22,-1
7/10/22,50
7/11/22,51
7/12/22,58
7/13/22,62
7/14/22,59
7/15/22,83
7/16/22,77
7/17/22,51
7/18/22,47
7/19/22,55
7/20/22,48
7/21/22,65
7/22/22,71
7/23/22,61
7/24/22,44
7/25/22,60
7/26/22,68
7/27/22,67
7/28/22,68
7/29/22,73
7/30/22,72
7/31/22,44
8/1/22,60
8/2/22,63
8/3/22,66
8/4/22,64
8/5/22,75
8/6/22,60
8/7/22,46
8/8/22,64
8/9/22,59
8/10/22,56
8/11/22,62
8/12/22,77
8/13/22,67
8/14/22,41
8/15/22,58
8/16/22,67
8/17/22,49
8/18/22,60
8/19/22,61
8/20/22,68
8/21/22,51
8/22/22,60
8/23/22,59
8/24/22,45
8/25/22,57
8/26/22,73
8/27/22,64
8/28/22,36
8/29/22,60
8/30/22,60
8/31/22,47
9/1/22,51
9/2/22,74
9/3/22,52
9/4/22,43
9/5/22,40
9/6/22,43
9/7/22,41
9/8/22,45
9/9/22,50
9/10/22,42
9/11/22,34
9/12/22,58
9/13/22,45
9/14/22,30
9/15/22,49
9/16/22,60
9/17/22,49
9/18/22,41
9/19/22,48
9/20/22,53
9/21/22,45
9/22/22,33
9/23/22,58
9/24/22,63
9/25/22,36
9/26/22,49
9/27/22,44
9/28/22,47
9/29/22,41
9/30/22,51
10/1/22,62
10/2/22,-1
10/3/22,45
10/4/22,55
10/5/22,40
10/6/22,48
10/7/22,54
10/8/22,54
10/9/22,40
10/10/22,50
10/11/22,54
10/12/22,43
10/13/22,46
10/14/22,45
10/15/22,54
10/16/22,38
10/17/22,59
10/18/22,45
10/19/22,51
10/20/22,43
10/21/22,51
10/22/22,56
10/23/22,36
10/24/22,36
10/25/22,40
10/26/22,36
10/27/22,54
10/28/22,0
10/29/22,44
10/30/22,45
10/31/22,52
11/1/22,48
11/2/22,50
11/3/22,-1
11/4/22,55
11/5/22,49
11/6/22,37
11/7/22,50
11/8/22,49
11/9/22,51
11/10/22,53
11/11/22,45
11/12/22,33
11/13/22,38
11/14/22,46
11/15/22,58
11/16/22,42
11/17/22,-1
11/18/22,59
11/19/22,41
11/20/22,43
11/21/22,45
11/22/22,47
11/23/22,42
11/24/22,38
11/25/22,50
11/26/22,37
11/27/22,36
11/28/22,33
11/29/22,47
11/30/22,48
12/1/22,46
12/2/22,40
12/3/22,41
12/4/22,40
12/5/22,39
12/6/22,39
12/7/22,41
12/8/22,45
12/9/22,44
12/10/22,50
12/11/22,42
12/12/22,48
12/13/22,37
12/14/22,0
12/15/22,45
12/16/22,39
12/17/22,31
12/18/22,37
12/19/22,41
12/20/22,41
12/21/22,34
12/22/22,42
12/23/22,36
12/24/22,39
12/25/22,36
12/26/22,38
12/27/22,41
12/28/22,40
12/29/22,34
12/30/22,32
12/31/22,34
1/1/23,29
1/2/23,41
1/3/23,40
1/4/23,40
1/5/23,-1
1/6/23,45
1/7/23,37
1/8/23,33
1/9/23,37
1/10/23,53
1/11/23,41
1/12/23,49
1/13/23,36
1/14/23,32
1/15/23,22
1/16/23,37
1/17/23,34
1/18/23,48
1/19/23,33
1/20/23,38
1/21/23,38
1/22/23,32
1/23/23,44
1/24/23,38
1/25/23,41
1/26/23,33
1/27/23,49
1/28/23,33
1/29/23,39
1/30/23,40
1/31/23,44
2/1/23,44
2/2/23,47
2/3/23,39
2/4/23,33
2/5/23,31
2/6/23,35
2/7/23,50
2/8/23,41
2/9/23,30
2/10/23,0
2/11/23,31
2/12/23,17
2/13/23,39
2/14/23,36
2/15/23,36
2/16/23,41
2/17/23,43
2/18/23,41
2/19/23,33
2/20/23,39
2/21/23,38
2/22/23,41
2/23/23,40
2/24/23,-1
2/25/23,31
2/26/23,33
2/27/23,36
2/28/23,38
3/1/23,39
3/2/23,46
3/3/23,36
3/4/23,40
3/5/23,32
3/6/23,25
3/7/23,50
3/8/23,33
3/9/23,53
3/10/23,50
3/11/23,0
3/12/23,34
3/13/23,38
3/14/23,35
3/15/23,52
3/16/23,53
3/17/23,0
3/18/23,43
3/19/23,39
3/20/23,46
3/21/23,39
3/22/23,26
3/23/23,46
3/24/23,32
3/25/23,36
3/26/23,33
3/27/23,40
3/28/23,35
3/29/23,46
3/30/23,38
3/31/23,59
4/1/23,59
4/2/23,44
4/3/23,53
4/4/23,42
4/5/23,41
4/6/23,54
4/7/23,67
4/8/23,60
4/9/23,39
4/10/23,50
4/11/23,54
4/12/23,44
4/13/23,47
4/14/23,64
4/15/23,67
4/16/23,39
4/17/23,0
4/18/23,50
4/19/23,47
4/20/23,61
4/21/23,71
4/22/23,81
4/23/23,33
4/24/23,-1
4/25/23,57
4/26/23,49
4/27/23,50
4/28/23,78
4/29/23,62
4/30/23,42
5/1/23,50
5/2/23,46
5/3/23,60
5/4/23,45
5/5/23,86
5/6/23,69
5/7/23,45
5/8/23,-1
5/9/23,65
5/10/23,54
5/11/23,55
5/12/23,71
5/13/23,73
5/14/23,41
5/15/23,55
5/16/23,44
5/17/23,55
5/18/23,52
5/19/23,78
5/20/23,71
5/21/23,49
5/22/23,56
5/23/23,49
5/24/23,46
5/25/23,67
5/26/23,88
5/27/23,80
5/28/23,-1
5/29/23,46
5/30/23,45
5/31/23,63
6/1/23,59
6/2/23,74
6/3/23,81
6/4/23,0
6/5/23,52
6/6/23,46
6/7/23,58
6/8/23,56
6/9/23,96
6/10/23,98
6/11/23,45
6/12/23,-1
6/13/23,54
6/14/23,52
6/15/23,57
6/16/23,93
6/17/23,-1
6/18/23,62
6/19/23,58
6/20/23,46
6/21/23,54
6/22/23,61
6/23/23,89
6/24/23,0
6/25/23,59
6/26/23,68
6/27/23,61
6/28/23,55
6/29/23,58
6/30/23,78
7/1/23,76
7/2/23,48
7/3/23,58
7/4/23,50
7/5/23,38
7/6/23,48
7/7/23,88
7/8/23,78
7/9/23,43
7/10/23,60
7/11/23,59
7/12/23,52
7/13/23,58
7/14/23,90
7/15/23,69
7/16/23,51
7/17/23,63
7/18/23,55
7/19/23,47
7/20/23,50
7/21/23,86
7/22/23,85
7/23/23,50
7/24/23,65
7/25/23,56
7/26/23,54
7/27/23,56
7/28/23,85
7/29/23,78
7/30/23,0
7/31/23,47
8/1/23,57
8/2/23,0
8/3/23,57
8/4/23,79
8/5/23,92
8/6/23,50
8/7/23,61
8/8/23,62
8/9/23,55
8/10/23,68
8/11/23,82
8/12/23,93
8/13/23,46
8/14/23,58
8/15/23,63
8/16/23,59
8/17/23,51
8/18/23,80
8/19/23,96
8/20/23,52
8/21/23,0
8/22/23,44
8/23/23,56
8/24/23,60
8/25/23,88
8/26/23,86
8/27/23,54
8/28/23,64
8/29/23,61
8/30/23,62
8/31/23,63
9/1/23,76
9/2/23,75
9/3/23,44
9/4/23,61
9/5/23,59
9/6/23,60
9/7/23,54
9/8/23,81
9/9/23,80
9/10/23,61
9/11/23,65
9/12/23,58
9/13/23,62
9/14/23,63
9/15/23,80
9/16/23,66
9/17/23,48
9/18/23,62
9/19/23,50
9/20/23,48
9/21/23,53
9/22/23,84
9/23/23,84
9/24/23,56
9/25/23,50
9/26/23,51
9/27/23,66
9/28/23,64
9/29/23,69
9/30/23,75
10/1/23,41
10/2/23,62
10/3/23,0
10/4/23,46
10/5/23,43
10/6/23,69
10/7/23,66
10/8/23,46
10/9/23,54
10/10/23,49
10/11/23,52
10/12/23,63
10/13/23,75
10/14/23,71
10/15/23,29
10/16/23,57
10/17/23,45
10/18/23,44
10/19/23,53
10/20/23,67
10/21/23,63
10/22/23,29
10/23/23,43
10/24/23,50
10/25/23,54
10/26/23,46
10/27/23,66
10/28/23,56
10/29/23,43
10/30/23,52
10/31/23,52
11/1/23,46
11/2/23,46
11/3/23,63
11/4/23,73
11/5/23,40
11/6/23,46
11/7/23,0
11/8/23,52
11/9/23,62
11/10/23,60
11/11/23,62
11/12/23,37
11/13/23,44
11/14/23,43
11/15/23,47
11/16/23,52
11/17/23,66
11/18/23,55
11/19/23,32
11/20/23,50
11/21/23,52
11/22/23,44
11/23/23,45
11/24/23,66
11/25/23,53
11/26/23,35
11/27/23,40
11/28/23,47
11/29/23,40
11/30/23,56
12/1/23,58
12/2/23,51
12/3/23,37
12/4/23,36
12/5/23,39
12/6/23,54
12/7/23,50
12/8/23,64
12/9/23,57
12/10/23,32
12/11/23,47
12/12/23,42
12/13/23,41
12/14/23,53
12/15/23,61
12/16/23,56
12/17/23,37
12/18/23,34
12/19/23,44
12/20/23,45
12/21/23,56
12/22/23,56
12/23/23,63
12/24/23,34
12/25/23,36
12/26/23,43
12/27/23,44
12/28/23,50
12/29/23,53
12/30/23,56
12/31/23,33
1/1/24,34
1/2/24,48
1/3/24,35
1/4/24,45
1/5/24,67
1/6/24,57
1/7/24,29
1/8/24,28
1/9/24,42
1/10/24,35
1/11/24,30
1/12/24,56
1/13/24,54
1/14/24,42
1/15/24,36
1/16/24,42
1/17/24,-1
1/18/24,40
1/19/24,55
1/20/24,51
1/21/24,24
1/22/24,35
1/23/24,44
1/24/24,38
1/25/24,48
1/26/24,57
1/27/24,54
1/28/24,23
1/29/24,40
1/30/24,57
1/31/24,42
2/1/24,48
2/2/24,65
2/3/24,66
2/4/24,17
2/5/24,53
2/6/24,57
2/7/24,0
2/8/24,52
2/9/24,63
2/10/24,64
2/11/24,31
2/12/24,0
2/13/24,46
2/14/24,48
2/15/24,43
2/16/24,68
2/17/24,49
2/18/24,35
2/19/24,49
2/20/24,37
2/21/24,58
2/22/24,52
2/23/24,67
2/24/24,64
2/25/24,41
2/26/24,49
2/27/24,46
2/28/24,50
2/29/24,51
3/1/24,44
3/2/24,60
3/3/24,33
3/4/24,52
3/5/24,61
3/6/24,0
3/7/24,55
3/8/24,57
3/9/24,-1
3/10/24,48
3/11/24,40
3/12/24,49
3/13/24,40
3/14/24,56
3/15/24,67
3/16/24,72
3/17/24,32
3/18/24,50
3/19/24,62
3/20/24,35
3/21/24,52
3/22/24,71
3/23/24,0
3/24/24,42
3/25/24,47
3/26/24,47
3/27/24,40
3/28/24,55
3/29/24,73
3/30/24,64
3/31/24,47
4/1/24,51
4/2/24,59
4/3/24,61
4/4/24,56
4/5/24,84
4/6/24,0
4/7/24,44
4/8/24,54
4/9/24,47
4/10/24,52
4/11/24,52
4/12/24,76
4/13/24,85
4/14/24,43
4/15/24,55
4/16/24,69
4/17/24,49
4/18/24,63
4/19/24,84
4/20/24,74
4/21/24,61
4/22/24,63
4/23/24,57
4/24/24,56
4/25/24,63
4/26/24,76
4/27/24,73
4/28/24,41
4/29/24,52
4/30/24,56
5/1/24,-1
5/2/24,65
5/3/24,77
5/4/24,63
5/5/24,59
5/6/24,62
5/7/24,61
5/8/24,64
5/9/24,61
5/10/24,92
5/11/24,89
5/12/24,52
5/13/24,61
5/14/24,61
5/15/24,48
5/16/24,59
5/17/24,82
5/18/24,85
5/19/24,42
5/20/24,52
5/21/24,54
5/22/24,65
5/23/24,71
5/24/24,88
5/25/24,77
5/26/24,43
5/27/24,60
5/28/24,61
5/29/24,75
5/30/24,68
5/31/24,89
6/1/24,89
6/2/24,62
6/3/24,63
6/4/24,55
6/5/24,62
6/6/24,67
6/7/24,88
6/8/24,71
6/9/24,48
6/10/24,41
6/11/24,66
6/12/24,59
6/13/24,66
6/14/24,79
6/15/24,89
6/16/24,47
6/17/24,43
6/18/24,63
6/19/24,64
6/20/24,67
6/21/24,78
6/22/24,85
6/23/24,40
6/24/24,63
6/25/24,58
6/26/24,52
6/27/24,58
6/28/24,100
6/29/24,91
6/30/24,51
7/1/24,68
7/2/24,72
7/3/24,58
7/4/24,77
7/5/24,88
7/6/24,92
7/7/24,64
7/8/24,-1
7/9/24,78
7/10/24,73
7/11/24,70
7/12/24,91
7/13/24,-1
7/14/24,61
7/15/24,73
7/16/24,48
7/17/24,0
7/18/24,74
7/19/24,105
7/20/24,95
7/21/24,58
7/22/24,62
7/23/24,68
7/24/24,-1
7/25/24,68
7/26/24,100
7/27/24,93
7/28/24,58
7/29/24,69
7/30/24,68
7/31/24,52
8/1/24,50
8/2/24,102
8/3/24,91
8/4/24,50
8/5/24,61
8/6/24,64
8/7/24,57
8/8/24,61
8/9/24,77
8/10/24,87
8/11/24,52
8/12/24,53
8/13/24,54
8/14/24,58
8/15/24,68
8/16/24,95
8/17/24,86
8/18/24,51
8/19/24,60
8/20/24,67
8/21/24,64
8/22/24,59
8/23/24,101
8/24/24,90
8/25/24,63
8/26/24,61
8/27/24,48
8/28/24,56
8/29/24,61
8/30/24,83
8/31/24,72
9/1/24,51
9/2/24,0
9/3/24,72
9/4/24,60
9/5/24,-1
9/6/24,94
9/7/24,89
9/8/24,55
9/9/24,56
9/10/24,62
9/11/24,57
9/12/24,0
9/13/24,74
9/14/24,89
9/15/24,58
9/16/24,51
9/17/24,63
9/18/24,55
9/19/24,54
9/20/24,83
9/21/24,-1
9/22/24,52
9/23/24,55
9/24/24,52
9/25/24,59
9/26/24,62
9/27/24,83
9/28/24,88
9/29/24,56
9/30/24,51
10/1/24,64
10/2/24,55
10/3/24,53
10/4/24,78
10/5/24,90
10/6/24,53
10/7/24,59
10/8/24,59
10/9/24,54
10/10/24,67
10/11/24,67
10/12/24,74
10/13/24,40
10/14/24,52
10/15/24,54
10/16/24,61
10/17/24,45
10/18/24,83
10/19/24,75
10/20/24,35
10/21/24,61
10/22/24,57
10/23/24,59
10/24/24,55
10/25/24,76
10/26/24,69
10/27/24,37
10/28/24,46
10/29/24,56
10/30/24,43
10/31/24,54
11/1/24,69
11/2/24,67
11/3/24,27
11/4/24,42
11/5/24,52
11/6/24,44
11/7/24,45
11/8/24,71
11/9/24,69
11/10/24,48
11/11/24,44
11/12/24,55
11/13/24,49
11/14/24,45
11/15/24,57
11/16/24,66
11/17/24,51
11/18/24,43
11/19/24,54
11/20/24,47
11/21/24,0
11/22/24,59
11/23/24,75
11/24/24,32
11/25/24,0
11/26/24,39
11/27/24,34
11/28/24,44
11/29/24,69
11/30/24,59
12/1/24,48
12/2/24,53
12/3/24,48
12/4/24,43
12/5/24,46
12/6/24,59
12/7/24,49
12/8/24,31
12/9/24,45
12/10/24,47
12/11/24,0
12/12/24,38
12/13/24,58
12/14/24,59
12/15/24,46
12/16/24,45
12/17/24,41
12/18/24,44
12/19/24,49
12/20/24,52
12/21/24,40
12/22/24,40
12/23/24,47
12/24/24,39
12/25/24,0
12/26/24,44
12/27/24,65
12/28/24,44
12/29/24,34
12/30/24,43
12/31/24,42
